Username,Password
jean49,Da*E%OuGuc9$V1m
haydenashley,l$r^9eGg8f@BZhy
michaelastephens,$1sp++bga8H+eCr
denisephillips,Vj)T7AsfRHkfpvw
andrew24,T^mH8LMM&0C3VVk
kaylaabbott,!nN05pv3tc(DBO(
tmartinez,V46_Xx85_gKg7rt
mholden,(sd44x3x*A7D1dA
randygilbert,A7+E0YfB+MLPJ8Z
watsonlouis,i!4(DEkBLNq)C7G
mdavis,c$2VXHnxQ+6ifpx
patrickprice,Es_r0GlF&zDkJKG
kgriffith,%0dUpqgwFfA$Dma
hannasarah,c(9au%x)tyC#HDd
xaviermartin,e7!gWemxlde3K6p
hrodriguez,od@9P!dfQj8NH&A
erodriguez,hB+4A(si*vdHl4c
danielleclark,2lv3HKAs+Or8R48
timothy26,oz7ExOUI2&*S87h
elizabeth19,x3C8yYtI!(e3+z(
